{"hpcp_mean": [[0.153112620115, 0.199988186359, 0.198833167553], [0.151218876243, 0.150146275759, 0.151598140597], [0.119579143822, 0.127794057131, 0.126997962594], [0.119490228593, 0.153614729643, 0.154452204704], [0.164882674813, 0.103516958654, 0.103953950107], [0.188172385097, 0.147124111652, 0.143233180046], [0.188732102513, 0.203842580318, 0.204553827643], [0.188543394208, 0.127941891551, 0.130117744207], [0.20570383966, 0.183799281716, 0.179274916649], [0.207966148853, 0.253983110189, 0.253498584032], [0.163479954004, 0.147201776505, 0.150579228997], [0.14945730567, 0.0615234188735, 0.0627790093422], [0.218327268958, 0.0526353903115, 0.0539804473519], [0.344241887331, 0.0671024620533, 0.0658976063132], [0.339022904634, 0.321077436209, 0.307806015015], [0.240768119693, 0.594500899315, 0.592827677727], [0.189141333103, 0.383385241032, 0.394889801741], [0.154345422983, 0.131657510996, 0.132870018482], [0.124169364572, 0.114588655531, 0.11394892633], [0.107370115817, 0.0866288021207, 0.0860889405012], [0.107711166143, 0.0910915061831, 0.089759349823], [0.0910627841949, 0.110626585782, 0.110777765512], [0.0765058919787, 0.120299555361, 0.117880083621], [0.152254238725, 0.255212336779, 0.251253336668], [0.241716265678, 0.297839522362, 0.301537245512], [0.200983822346, 0.132035538554, 0.137501999736], [0.108274705708, 0.0552228838205, 0.0556464157999], [0.0646738037467, 0.0612977482378, 0.0595128983259], [0.0608418099582, 0.0883665457368, 0.0835480168462], [0.0834977626801, 0.326654314995, 0.316835343838], [0.173215851188, 0.511322140694, 0.510725080967], [0.306229442358, 0.295879751444, 0.302588403225], [0.359144717455, 0.0813521146774, 0.0820184797049], [0.267003446817, 0.0511634387076, 0.0495546013117], [0.155701383948, 0.0523835718632, 0.0524736456573], [0.131982564926, 0.12861405313, 0.127019241452]], "key_strength": [0.362166255713, 0.686540722847, 0.679868578911], "average_loudness": [0.905550003052, 0.931573748589, 0.934225142002], "key_scale": ["major", "major", "major"], "chords_histogram": [[5.1032333374, 40.2220497131, 40.2220497131], [2.72691869736, 0, 0], [30.4246196747, 0.0973899513483, 0.155823916197], [0.253213882446, 0, 0], [0, 0.389559805393, 0.409037798643], [0.60381770134, 0, 0], [1.26606929302, 0, 0], [1.09076738358, 0, 0], [0.0389559790492, 0, 0], [0.0194779895246, 0, 0], [0, 0, 0], [0, 0, 0], [0.0389559790492, 0, 0], [0.311647832394, 0.973899483681, 0.993377506733], [6.19400072098, 0, 0], [3.66186213493, 0, 0.0194779895246], [0.331125825644, 1.98675501347, 1.83093106747], [0.779119610786, 22.4386444092, 22.3802108765], [0.155823916197, 10.4986362457, 10.6739387512], [6.68095064163, 4.53837156296, 4.30463552475], [13.5956373215, 5.2980132103, 6.29139089584], [22.1854305267, 0, 0], [4.53837156296, 13.5566806793, 12.719127655], [0, 0, 0]], "onset_rate": [1.11582958698, 3.4439702034, 3.49901437759], "beats_count": [467, 467, 467], "bpm": [117.968978882, 117.976013184, 117.997886658], "key_key": ["C", "G", "G"], "length": [238.368408203, 238.367340088, 238.333328247], "replay_gain": [-7.80901908875, -13.9663772583, -13.9869003296], "tuning_frequency": [434.193115234, 440.254241943, 440]}